{
    "latency": 1164.4228515625,
    "memory": 36480.0,
    "eval": {
        "acc_train": 0.983266012694749,
        "f1_train": 0.9768323872484072,
        "acc_vali": 0.973293768545994,
        "f1_vali": 0.9641989224100673,
        "acc_test": 0.9726921935292372,
        "f1_test": 0.9644766258232828
    },
    "eval_tf_lite": {
        "acc_quant_train": 0.9320748495589811,
        "f1_quant_train": 0.8965884752690169,
        "acc_quant_vali": 0.908753709198813,
        "f1_quant_vali": 0.8584588297152219,
        "acc_quant_test": 0.9260908281389136,
        "f1_quant_test": 0.89204717821483
    },
    "config": {
        "batch_size": 64,
        "compute_unit": "cpu",
        "tensor_dtype": "torch.float32",
        "time_reduce_ch": 16,
        "time_reduce_granularity": 4,
        "ch_reduce_ch": 64,
        "ch_reduce_granularity": 8,
        "net_scale_factor": 2,
        "retrain_epochs": 100,
        "retrain_patience": 10,
        "dim_limit_time": 16,
        "dim_limit_ch": 5,
        "search_epochs": 100,
        "ignore_latency": false,
        "ignore_memory": false,
        "port": "/dev/cu.usbmodem111403",
        "mcu": "NiclaSense"
    }
}