{
    "latency": 943.7313842773438,
    "memory": 32640.0,
    "eval": {
        "acc_train": 0.9835133129997528,
        "f1_train": 0.977064776917102,
        "acc_vali": 0.9747774480712166,
        "f1_vali": 0.9651686691071042,
        "acc_test": 0.9777382012466608,
        "f1_test": 0.9714833947597773
    },
    "eval_tf_lite": {
        "acc_quant_train": 0.9694996290495425,
        "f1_quant_train": 0.9538023759844847,
        "acc_quant_vali": 0.9614243323442137,
        "f1_quant_vali": 0.9445535762353552,
        "acc_quant_test": 0.9652715939447908,
        "f1_quant_test": 0.9513105226851131
    },
    "config": {
        "batch_size": 64,
        "compute_unit": "cpu",
        "tensor_dtype": "torch.float32",
        "time_reduce_ch": 16,
        "time_reduce_granularity": 4,
        "ch_reduce_ch": 64,
        "ch_reduce_granularity": 8,
        "net_scale_factor": 2,
        "retrain_epochs": 100,
        "retrain_patience": 10,
        "dim_limit_time": 16,
        "dim_limit_ch": 5,
        "search_epochs": 100,
        "ignore_latency": false,
        "ignore_memory": false,
        "port": "/dev/cu.usbmodem111403",
        "mcu": "NiclaSense"
    }
}