{
    "latency": 455.1275329589844,
    "memory": 21120.0,
    "eval": {
        "acc_train": 0.9767537713296514,
        "f1_train": 0.9652817542709645,
        "acc_vali": 0.9681008902077152,
        "f1_vali": 0.9578554223506501,
        "acc_test": 0.9715048975957258,
        "f1_test": 0.961737918176859
    },
    "eval_tf_lite": {
        "acc_quant_train": 0.9497156046492458,
        "f1_quant_train": 0.940844852334965,
        "acc_quant_vali": 0.9413946587537092,
        "f1_quant_vali": 0.9304854579530935,
        "acc_quant_test": 0.94182249925794,
        "f1_quant_test": 0.9335050521675677
    },
    "config": {
        "batch_size": 64,
        "compute_unit": "cpu",
        "tensor_dtype": "torch.float32",
        "time_reduce_ch": 16,
        "time_reduce_granularity": 4,
        "ch_reduce_ch": 64,
        "ch_reduce_granularity": 8,
        "net_scale_factor": 2,
        "retrain_epochs": 100,
        "retrain_patience": 10,
        "dim_limit_time": 16,
        "dim_limit_ch": 5,
        "search_epochs": 100,
        "ignore_latency": false,
        "ignore_memory": false,
        "port": "/dev/cu.usbmodem111403",
        "mcu": "NiclaSense"
    }
}