{
    "latency": 1443.3780517578125,
    "memory": 46080.0,
    "eval": {
        "acc_train": 0.9871403841398071,
        "f1_train": 0.98158980766807,
        "acc_vali": 0.9762611275964391,
        "f1_vali": 0.970065097361761,
        "acc_test": 0.9756604333630158,
        "f1_test": 0.9689277748943411
    },
    "eval_tf_lite": {
        "acc_quant_train": 0.983266012694749,
        "f1_quant_train": 0.9775534060996691,
        "acc_quant_vali": 0.9695845697329377,
        "f1_quant_vali": 0.9606083358702244,
        "acc_quant_test": 0.9723953695458593,
        "f1_quant_test": 0.9657394268440467
    },
    "config": {
        "batch_size": 64,
        "compute_unit": "cpu",
        "tensor_dtype": "torch.float32",
        "time_reduce_ch": 16,
        "time_reduce_granularity": 4,
        "ch_reduce_ch": 64,
        "ch_reduce_granularity": 8,
        "net_scale_factor": 2,
        "retrain_epochs": 100,
        "retrain_patience": 10,
        "dim_limit_time": 16,
        "dim_limit_ch": 5,
        "search_epochs": 100,
        "ignore_latency": false,
        "ignore_memory": false,
        "port": "/dev/cu.usbmodem111403",
        "mcu": "NiclaSense"
    }
}