{
    "latency": 332.03375244140625,
    "memory": 23424.0,
    "eval": {
        "acc_train": 0.9410600939741159,
        "f1_train": 0.9215397492745175,
        "acc_vali": 0.9391691394658753,
        "f1_vali": 0.9201041282835674,
        "acc_test": 0.9364796675571386,
        "f1_test": 0.916334650332374
    },
    "eval_tf_lite": {
        "acc_quant_train": 0.9432857967191492,
        "f1_quant_train": 0.9346847719386713,
        "acc_quant_vali": 0.9376854599406528,
        "f1_quant_vali": 0.9276840310946559,
        "acc_quant_test": 0.9358860195903829,
        "f1_quant_test": 0.9261086724240484
    },
    "config": {
        "batch_size": 64,
        "compute_unit": "cpu",
        "tensor_dtype": "torch.float32",
        "time_reduce_ch": 16,
        "time_reduce_granularity": 4,
        "ch_reduce_ch": 64,
        "ch_reduce_granularity": 8,
        "net_scale_factor": 2,
        "retrain_epochs": 100,
        "retrain_patience": 10,
        "dim_limit_time": 16,
        "dim_limit_ch": 5,
        "search_epochs": 100,
        "ignore_latency": false,
        "ignore_memory": false,
        "port": "/dev/cu.usbmodem111403",
        "mcu": "NiclaSense"
    }
}