{
    "latency": 544.0830688476562,
    "memory": 23552.0,
    "eval": {
        "acc_train": 0.9793916412496909,
        "f1_train": 0.9698078010026272,
        "acc_vali": 0.9681008902077152,
        "f1_vali": 0.9581181723210765,
        "acc_test": 0.9670525378450578,
        "f1_test": 0.9588065204197591
    },
    "eval_tf_lite": {
        "acc_quant_train": 0.9507872393042618,
        "f1_quant_train": 0.9248379698632798,
        "acc_quant_vali": 0.9280415430267063,
        "f1_quant_vali": 0.9005736741843287,
        "acc_quant_test": 0.9364796675571386,
        "f1_quant_test": 0.912024298946511
    },
    "config": {
        "batch_size": 64,
        "compute_unit": "cpu",
        "tensor_dtype": "torch.float32",
        "time_reduce_ch": 16,
        "time_reduce_granularity": 4,
        "ch_reduce_ch": 64,
        "ch_reduce_granularity": 8,
        "net_scale_factor": 2,
        "retrain_epochs": 100,
        "retrain_patience": 10,
        "dim_limit_time": 16,
        "dim_limit_ch": 5,
        "search_epochs": 100,
        "ignore_latency": false,
        "ignore_memory": false,
        "port": "/dev/cu.usbmodem111403",
        "mcu": "NiclaSense"
    }
}