{
    "latency": 595.8114013671875,
    "memory": 38400.0,
    "eval": {
        "acc_train": 0.9835957464347539,
        "f1_train": 0.9755480045847212,
        "acc_vali": 0.9747774480712166,
        "f1_vali": 0.9655564889193462,
        "acc_test": 0.9765509053131493,
        "f1_test": 0.9694899599814761
    },
    "eval_tf_lite": {
        "acc_quant_train": 0.9766713378946501,
        "f1_quant_train": 0.9647793288629056,
        "acc_quant_vali": 0.9643916913946587,
        "f1_quant_vali": 0.9492168715177345,
        "acc_quant_test": 0.9682398337785693,
        "f1_quant_test": 0.9568000414006315
    },
    "config": {
        "batch_size": 64,
        "compute_unit": "cpu",
        "tensor_dtype": "torch.float32",
        "time_reduce_ch": 16,
        "time_reduce_granularity": 4,
        "ch_reduce_ch": 64,
        "ch_reduce_granularity": 8,
        "net_scale_factor": 2,
        "retrain_epochs": 100,
        "retrain_patience": 10,
        "dim_limit_time": 16,
        "dim_limit_ch": 5,
        "search_epochs": 100,
        "ignore_latency": false,
        "ignore_memory": false,
        "port": "/dev/cu.usbmodem111403",
        "mcu": "NiclaSense"
    }
}