{
    "latency": 597.5878295898438,
    "memory": 25600.0,
    "eval": {
        "acc_train": 0.9652130904294782,
        "f1_train": 0.9452411609663569,
        "acc_vali": 0.9614243323442137,
        "f1_vali": 0.9468218185226979,
        "acc_test": 0.9578509943603443,
        "f1_test": 0.9410029087359713
    },
    "eval_tf_lite": {
        "acc_quant_train": 0.9702415299645536,
        "f1_quant_train": 0.956198039455949,
        "acc_quant_vali": 0.9681008902077152,
        "f1_quant_vali": 0.9618567041906809,
        "acc_quant_test": 0.960522410210745,
        "f1_quant_test": 0.9475540081048948
    },
    "config": {
        "batch_size": 64,
        "compute_unit": "cpu",
        "tensor_dtype": "torch.float32",
        "time_reduce_ch": 16,
        "time_reduce_granularity": 4,
        "ch_reduce_ch": 64,
        "ch_reduce_granularity": 8,
        "net_scale_factor": 2,
        "retrain_epochs": 100,
        "retrain_patience": 10,
        "dim_limit_time": 16,
        "dim_limit_ch": 5,
        "search_epochs": 100,
        "ignore_latency": false,
        "ignore_memory": false,
        "port": "/dev/cu.usbmodem111403",
        "mcu": "NiclaSense"
    }
}