{
    "latency": 1123.5960693359375,
    "memory": 42240.0,
    "eval": {
        "acc_train": 0.9770835050696562,
        "f1_train": 0.9638869847500929,
        "acc_vali": 0.962166172106825,
        "f1_vali": 0.9418509374166714,
        "acc_test": 0.9703176016622143,
        "f1_test": 0.9567853457297142
    },
    "eval_tf_lite": {
        "acc_quant_train": 0.964800923254472,
        "f1_quant_train": 0.9473806674707197,
        "acc_quant_vali": 0.9413946587537092,
        "f1_quant_vali": 0.9152332154003471,
        "acc_quant_test": 0.9551795785099436,
        "f1_quant_test": 0.9364964934718506
    },
    "config": {
        "batch_size": 64,
        "compute_unit": "cpu",
        "tensor_dtype": "torch.float32",
        "time_reduce_ch": 16,
        "time_reduce_granularity": 4,
        "ch_reduce_ch": 64,
        "ch_reduce_granularity": 8,
        "net_scale_factor": 2,
        "retrain_epochs": 100,
        "retrain_patience": 10,
        "dim_limit_time": 16,
        "dim_limit_ch": 5,
        "search_epochs": 100,
        "ignore_latency": false,
        "ignore_memory": false,
        "port": "/dev/cu.usbmodem111403",
        "mcu": "NiclaSense"
    }
}