{
    "latency": 865.620849609375,
    "memory": 32640.0,
    "eval": {
        "acc_train": 0.9844200807847663,
        "f1_train": 0.9777447836711006,
        "acc_vali": 0.9770029673590505,
        "f1_vali": 0.9713866139501981,
        "acc_test": 0.9804096170970614,
        "f1_test": 0.9750042706291666
    },
    "eval_tf_lite": {
        "acc_quant_train": 0.9741159014096117,
        "f1_quant_train": 0.9615313103912657,
        "acc_quant_vali": 0.9658753709198813,
        "f1_quant_vali": 0.9570296825402149,
        "acc_quant_test": 0.968833481745325,
        "f1_quant_test": 0.9577282182958495
    },
    "config": {
        "batch_size": 64,
        "compute_unit": "cpu",
        "tensor_dtype": "torch.float32",
        "time_reduce_ch": 16,
        "time_reduce_granularity": 4,
        "ch_reduce_ch": 64,
        "ch_reduce_granularity": 8,
        "net_scale_factor": 2,
        "retrain_epochs": 100,
        "retrain_patience": 10,
        "dim_limit_time": 16,
        "dim_limit_ch": 5,
        "search_epochs": 100,
        "ignore_latency": false,
        "ignore_memory": false,
        "port": "/dev/cu.usbmodem111403",
        "mcu": "NiclaSense"
    }
}