{
    "latency": 1190.2490234375,
    "memory": 44160.0,
    "eval": {
        "acc_train": 0.9859863160497898,
        "f1_train": 0.9803347082133328,
        "acc_vali": 0.9770029673590505,
        "f1_vali": 0.9687277288956437,
        "acc_test": 0.9801127931136836,
        "f1_test": 0.974173109381085
    },
    "eval_tf_lite": {
        "acc_quant_train": 0.9806281427747094,
        "f1_quant_train": 0.9715798538717406,
        "acc_quant_vali": 0.9703264094955489,
        "f1_quant_vali": 0.9600086025221266,
        "acc_quant_test": 0.9726921935292372,
        "f1_quant_test": 0.9645504064812636
    },
    "config": {
        "batch_size": 64,
        "compute_unit": "cpu",
        "tensor_dtype": "torch.float32",
        "time_reduce_ch": 16,
        "time_reduce_granularity": 4,
        "ch_reduce_ch": 64,
        "ch_reduce_granularity": 8,
        "net_scale_factor": 2,
        "retrain_epochs": 100,
        "retrain_patience": 10,
        "dim_limit_time": 16,
        "dim_limit_ch": 5,
        "search_epochs": 100,
        "ignore_latency": false,
        "ignore_memory": false,
        "port": "/dev/cu.usbmodem111403",
        "mcu": "NiclaSense"
    }
}