{
    "latency": 1053.982666015625,
    "memory": 36480.0,
    "eval": {
        "acc_train": 0.9398235924490973,
        "f1_train": 0.9246945580087494,
        "acc_vali": 0.9310089020771514,
        "f1_vali": 0.9170218100518381,
        "acc_test": 0.9317304838230929,
        "f1_test": 0.9183053317581532
    },
    "eval_tf_lite": {
        "acc_quant_train": 0.8914351661033715,
        "f1_quant_train": 0.8745124885058418,
        "acc_quant_vali": 0.8857566765578635,
        "f1_quant_vali": 0.8672405851407377,
        "acc_quant_test": 0.8854259424161472,
        "f1_quant_test": 0.8648641768259473
    },
    "config": {
        "batch_size": 64,
        "compute_unit": "cpu",
        "tensor_dtype": "torch.float32",
        "time_reduce_ch": 16,
        "time_reduce_granularity": 4,
        "ch_reduce_ch": 64,
        "ch_reduce_granularity": 8,
        "net_scale_factor": 2,
        "retrain_epochs": 100,
        "retrain_patience": 10,
        "dim_limit_time": 16,
        "dim_limit_ch": 5,
        "search_epochs": 100,
        "ignore_latency": false,
        "ignore_memory": false,
        "port": "/dev/cu.usbmodem111403",
        "mcu": "NiclaSense"
    }
}