{
    "latency": 1170.8355712890625,
    "memory": 48000.0,
    "eval": {
        "acc_train": 0.9816173439947242,
        "f1_train": 0.9737612497539857,
        "acc_vali": 0.9695845697329377,
        "f1_vali": 0.9574266298234037,
        "acc_test": 0.9741763134461264,
        "f1_test": 0.9686341139990052
    },
    "eval_tf_lite": {
        "acc_quant_train": 0.9780727062896711,
        "f1_quant_train": 0.9697115910257221,
        "acc_quant_vali": 0.9695845697329377,
        "f1_quant_vali": 0.9614200506096096,
        "acc_quant_test": 0.9715048975957258,
        "f1_quant_test": 0.9636783646923888
    },
    "config": {
        "batch_size": 64,
        "compute_unit": "cpu",
        "tensor_dtype": "torch.float32",
        "time_reduce_ch": 16,
        "time_reduce_granularity": 4,
        "ch_reduce_ch": 64,
        "ch_reduce_granularity": 8,
        "net_scale_factor": 2,
        "retrain_epochs": 100,
        "retrain_patience": 10,
        "dim_limit_time": 16,
        "dim_limit_ch": 5,
        "search_epochs": 100,
        "ignore_latency": false,
        "ignore_memory": false,
        "port": "/dev/cu.usbmodem111403",
        "mcu": "NiclaSense"
    }
}