{
    "latency": 655.8334350585938,
    "memory": 24384.0,
    "eval": {
        "acc_train": 0.9827714120847416,
        "f1_train": 0.9737991811187087,
        "acc_vali": 0.978486646884273,
        "f1_vali": 0.9686380066140489,
        "acc_test": 0.9732858414959928,
        "f1_test": 0.9647115908783845
    },
    "eval_tf_lite": {
        "acc_quant_train": 0.9707361305745611,
        "f1_quant_train": 0.9558563253899832,
        "acc_quant_vali": 0.9584569732937686,
        "f1_quant_vali": 0.941871958247362,
        "acc_quant_test": 0.9631938260611458,
        "f1_quant_test": 0.9480171050586946
    },
    "config": {
        "batch_size": 64,
        "compute_unit": "cpu",
        "tensor_dtype": "torch.float32",
        "time_reduce_ch": 16,
        "time_reduce_granularity": 4,
        "ch_reduce_ch": 64,
        "ch_reduce_granularity": 8,
        "net_scale_factor": 2,
        "retrain_epochs": 100,
        "retrain_patience": 10,
        "dim_limit_time": 16,
        "dim_limit_ch": 5,
        "search_epochs": 100,
        "ignore_latency": false,
        "ignore_memory": false,
        "port": "/dev/cu.usbmodem111403",
        "mcu": "NiclaSense"
    }
}